{"cameraMode":{"drawMode":0,"name":"Shaded","section":"Shading Mode"},"sceneLighting":false,"audioPlay":false,"sceneViewState":{"showFog":true,"showMaterialUpdate":false,"showSkybox":true,"showFlares":true,"showImageEffects":true,"showParticleSystems":true},"in2DMode":false,"pivot":{"x":-12.394189834594727,"y":12.330121994018555,"z":13.723984718322754},"rotation":{"x":0.13376879692077638,"y":0.7323287725448608,"z":-0.1505938023328781,"w":0.650510311126709},"size":8.912260055541993,"orthographic":false}