{"cameraMode":{"drawMode":0,"name":"Shaded","section":"Shading Mode"},"sceneLighting":false,"audioPlay":false,"sceneViewState":{"showFog":true,"showMaterialUpdate":false,"showSkybox":true,"showFlares":true,"showImageEffects":true,"showParticleSystems":true},"in2DMode":false,"pivot":{"x":39.14234161376953,"y":-4.897049427032471,"z":8.816402435302735},"rotation":{"x":0.0849616751074791,"y":0.7642085552215576,"z":-0.10286643356084824,"w":0.6310985088348389},"size":20.919841766357423,"orthographic":false}