{"cameraMode":{"drawMode":0,"name":"Shaded","section":"Shading Mode"},"sceneLighting":true,"audioPlay":false,"sceneViewState":{"showFog":true,"showMaterialUpdate":false,"showSkybox":true,"showFlares":true,"showImageEffects":true,"showParticleSystems":true},"in2DMode":false,"pivot":{"x":0.9656648635864258,"y":6.8060197830200199,"z":21.756637573242189},"rotation":{"x":0.23124253749847413,"y":0.6879052519798279,"z":-0.24785561859607697,"w":0.6418715119361877},"size":5.509825229644775,"orthographic":false}