{"cameraMode":{"drawMode":0,"name":"Shaded","section":"Shading Mode"},"sceneLighting":false,"audioPlay":false,"sceneViewState":{"showFog":true,"showMaterialUpdate":false,"showSkybox":true,"showFlares":true,"showImageEffects":true,"showParticleSystems":true},"in2DMode":false,"pivot":{"x":33.147830963134769,"y":1.181390643119812,"z":12.468230247497559},"rotation":{"x":0.029008597135543824,"y":0.7027086019515991,"z":-0.028689201921224595,"w":0.7103413343429565},"size":20.418628692626954,"orthographic":false}