{"cameraMode":{"drawMode":0,"name":"Shaded","section":"Shading Mode"},"sceneLighting":true,"audioPlay":false,"sceneViewState":{"showFog":true,"showMaterialUpdate":false,"showSkybox":true,"showFlares":true,"showImageEffects":true,"showParticleSystems":true},"in2DMode":false,"pivot":{"x":69.66220092773438,"y":-10.903416633605957,"z":-34.42842102050781},"rotation":{"x":0.043799445033073428,"y":0.8813164830207825,"z":-0.08337285369634628,"w":0.46325263381004336},"size":44.10151290893555,"orthographic":false}