{"cameraMode":{"drawMode":0,"name":"Shaded","section":"Shading Mode"},"sceneLighting":true,"audioPlay":false,"sceneViewState":{"showFog":true,"showMaterialUpdate":false,"showSkybox":true,"showFlares":true,"showImageEffects":true,"showParticleSystems":true},"in2DMode":false,"pivot":{"x":28.438602447509767,"y":18.755680084228517,"z":29.08746337890625},"rotation":{"x":-0.013176670297980309,"y":-0.29496046900749209,"z":0.004136138595640659,"w":-0.955535352230072},"size":37.834068298339847,"orthographic":false}