{"cameraMode":{"drawMode":0,"name":"Shaded","section":"Shading Mode"},"sceneLighting":false,"audioPlay":false,"sceneViewState":{"showFog":true,"showMaterialUpdate":false,"showSkybox":true,"showFlares":true,"showImageEffects":true,"showParticleSystems":true},"in2DMode":false,"pivot":{"x":4.364198684692383,"y":5.673337936401367,"z":23.795185089111329},"rotation":{"x":0.08062789589166641,"y":0.6622281670570374,"z":-0.07200388610363007,"w":0.7414842844009399},"size":2.5495314598083498,"orthographic":false}