{"cameraMode":{"drawMode":0,"name":"Shaded","section":"Shading Mode"},"sceneLighting":false,"audioPlay":false,"sceneViewState":{"showFog":true,"showMaterialUpdate":false,"showSkybox":true,"showFlares":true,"showImageEffects":true,"showParticleSystems":true},"in2DMode":false,"pivot":{"x":24.08466911315918,"y":-7.048461437225342,"z":-8.464736938476563},"rotation":{"x":0.22925184667110444,"y":0.6612411737442017,"z":-0.22338181734085084,"w":0.6785099506378174},"size":11.15650749206543,"orthographic":false}